iter	F1	Logloss	Accuracy	Precision	Recall
0	0	0.6900985207	0.7	1	0
1	0.2053571429	0.6866721613	0.721875	0.71875	0.1197916667
2	0.472972973	0.6829568176	0.75625	0.6730769231	0.3645833333
3	0.4015151515	0.6790222986	0.753125	0.7361111111	0.2760416667
4	0.4150943396	0.6756959805	0.7578125	0.7534246575	0.2864583333
5	0.4166666667	0.6718110605	0.759375	0.7638888889	0.2864583333
6	0.4106463878	0.6683708742	0.7578125	0.7605633803	0.28125
7	0.4328358209	0.664510134	0.7625	0.7631578947	0.3020833333
8	0.4186046512	0.6616272365	0.765625	0.8181818182	0.28125
9	0.4108527132	0.6579241745	0.7625	0.803030303	0.2760416667
10	0.40625	0.654434868	0.7625	0.8125	0.2708333333
11	0.4247104247	0.651865096	0.7671875	0.8208955224	0.2864583333
12	0.4360902256	0.6491151642	0.765625	0.7837837838	0.3020833333
13	0.4436090226	0.6455342772	0.76875	0.7972972973	0.3072916667
14	0.4615384615	0.6425606898	0.7703125	0.7777777778	0.328125
15	0.4552238806	0.6401504949	0.771875	0.8026315789	0.3177083333
16	0.4263565891	0.6378333934	0.76875	0.8333333333	0.2864583333
17	0.4511278195	0.6349551604	0.771875	0.8108108108	0.3125
18	0.4528301887	0.6325117693	0.7734375	0.8219178082	0.3125
19	0.4307692308	0.6300336835	0.76875	0.8235294118	0.2916666667
20	0.4173228346	0.6275693156	0.76875	0.8548387097	0.2760416667
21	0.4143426295	0.6257492342	0.7703125	0.8813559322	0.2708333333
22	0.4048582996	0.6237485461	0.7703125	0.9090909091	0.2604166667
23	0.3801652893	0.6220557299	0.765625	0.92	0.2395833333
24	0.3734439834	0.6202015832	0.7640625	0.9183673469	0.234375
25	0.3770491803	0.6174516625	0.7625	0.8846153846	0.2395833333
26	0.3719008264	0.6152333565	0.7625	0.9	0.234375
27	0.3734439834	0.6135499479	0.7640625	0.9183673469	0.234375
28	0.3734439834	0.6117007536	0.7640625	0.9183673469	0.234375
29	0.3666666667	0.6098888133	0.7625	0.9166666667	0.2291666667
30	0.393442623	0.6074671707	0.76875	0.9230769231	0.25
31	0.3852459016	0.60607867	0.765625	0.9038461538	0.2447916667
32	0.3868312757	0.604509939	0.7671875	0.9215686275	0.2447916667
33	0.3902439024	0.6024037504	0.765625	0.8888888889	0.25
34	0.3967611336	0.6000977915	0.7671875	0.8909090909	0.2552083333
35	0.4032258065	0.5977147389	0.76875	0.8928571429	0.2604166667
36	0.416	0.5954892709	0.771875	0.8965517241	0.2708333333
37	0.4032258065	0.5934852157	0.76875	0.8928571429	0.2604166667
38	0.4096385542	0.5914893589	0.7703125	0.8947368421	0.265625
39	0.3951612903	0.5904465183	0.765625	0.875	0.2552083333
40	0.3951612903	0.5883320166	0.765625	0.875	0.2552083333
41	0.3902439024	0.5859536895	0.765625	0.8888888889	0.25
42	0.3836734694	0.5841972718	0.7640625	0.8867924528	0.2447916667
43	0.4096385542	0.5819555088	0.7703125	0.8947368421	0.265625
44	0.3967611336	0.5809373257	0.7671875	0.8909090909	0.2552083333
45	0.4016064257	0.579014403	0.7671875	0.8771929825	0.2604166667
46	0.3967611336	0.5772225963	0.7671875	0.8909090909	0.2552083333
47	0.3902439024	0.5766933484	0.765625	0.8888888889	0.25
48	0.3983739837	0.5748846141	0.76875	0.9074074074	0.2552083333
49	0.3983739837	0.5732268569	0.76875	0.9074074074	0.2552083333
50	0.3983739837	0.572159181	0.76875	0.9074074074	0.2552083333
51	0.3983739837	0.5708031051	0.76875	0.9074074074	0.2552083333
52	0.3983739837	0.56954902	0.76875	0.9074074074	0.2552083333
53	0.4048582996	0.5683130787	0.7703125	0.9090909091	0.2604166667
54	0.3983739837	0.5662724979	0.76875	0.9074074074	0.2552083333
55	0.3983739837	0.5653886022	0.76875	0.9074074074	0.2552083333
56	0.3983739837	0.5635626473	0.76875	0.9074074074	0.2552083333
57	0.3983739837	0.5626710423	0.76875	0.9074074074	0.2552083333
58	0.3983739837	0.5616344402	0.76875	0.9074074074	0.2552083333
59	0.4048582996	0.5605033436	0.7703125	0.9090909091	0.2604166667
60	0.4048582996	0.5584246751	0.7703125	0.9090909091	0.2604166667
61	0.4048582996	0.557531897	0.7703125	0.9090909091	0.2604166667
62	0.406504065	0.5563103813	0.771875	0.9259259259	0.2604166667
63	0.4129554656	0.5545022559	0.7734375	0.9272727273	0.265625
64	0.4129554656	0.5520963581	0.7734375	0.9272727273	0.265625
65	0.424	0.5507224679	0.775	0.9137931034	0.2760416667
66	0.4302788845	0.5492563884	0.7765625	0.9152542373	0.28125
67	0.438247012	0.5475320105	0.7796875	0.9322033898	0.2864583333
68	0.4365079365	0.5461833158	0.778125	0.9166666667	0.2864583333
69	0.424	0.5446816436	0.775	0.9137931034	0.2760416667
70	0.432	0.5429664218	0.778125	0.9310344828	0.28125
71	0.4505928854	0.541625238	0.7828125	0.9344262295	0.296875
72	0.4193548387	0.5413453491	0.775	0.9285714286	0.2708333333
73	0.4193548387	0.5403560239	0.775	0.9285714286	0.2708333333
74	0.4257028112	0.5390514138	0.7765625	0.9298245614	0.2760416667
75	0.4488188976	0.5375636807	0.78125	0.9193548387	0.296875
76	0.4444444444	0.5373102128	0.78125	0.9333333333	0.2916666667
77	0.4566929134	0.536372855	0.784375	0.935483871	0.3020833333
78	0.4365079365	0.5351453806	0.778125	0.9166666667	0.2864583333
79	0.4302788845	0.5347514112	0.7765625	0.9152542373	0.28125
80	0.4566929134	0.5343833965	0.784375	0.935483871	0.3020833333
81	0.442687747	0.5332364438	0.7796875	0.9180327869	0.2916666667
82	0.4549019608	0.5322418222	0.7828125	0.9206349206	0.3020833333
83	0.442687747	0.5310755726	0.7796875	0.9180327869	0.2916666667
84	0.442687747	0.5293907388	0.7796875	0.9180327869	0.2916666667
85	0.442687747	0.5288893113	0.7796875	0.9180327869	0.2916666667
86	0.442687747	0.5280057711	0.7796875	0.9180327869	0.2916666667
87	0.4549019608	0.5266795882	0.7828125	0.9206349206	0.3020833333
88	0.4302788845	0.5264915126	0.7765625	0.9152542373	0.28125
89	0.46692607	0.5249454578	0.7859375	0.9230769231	0.3125
90	0.4651162791	0.52359824	0.784375	0.9090909091	0.3125
91	0.4651162791	0.5231297617	0.784375	0.9090909091	0.3125
92	0.4591439689	0.5226528452	0.7828125	0.9076923077	0.3072916667
93	0.4549019608	0.5222385009	0.7828125	0.9206349206	0.3020833333
94	0.4488188976	0.5220750985	0.78125	0.9193548387	0.296875
95	0.4609375	0.5210122461	0.784375	0.921875	0.3072916667
96	0.4488188976	0.5207762823	0.78125	0.9193548387	0.296875
97	0.4549019608	0.5199534541	0.7828125	0.9206349206	0.3020833333
98	0.4470588235	0.5186599686	0.7796875	0.9047619048	0.296875
99	0.4470588235	0.5174673143	0.7796875	0.9047619048	0.296875
100	0.46692607	0.5162362883	0.7859375	0.9230769231	0.3125
101	0.46692607	0.5156702864	0.7859375	0.9230769231	0.3125
102	0.4728682171	0.5147114095	0.7875	0.9242424242	0.3177083333
103	0.4728682171	0.5134996119	0.7875	0.9242424242	0.3177083333
104	0.4728682171	0.5122168337	0.7875	0.9242424242	0.3177083333
105	0.4728682171	0.5108116203	0.7875	0.9242424242	0.3177083333
106	0.4728682171	0.5098768329	0.7875	0.9242424242	0.3177083333
107	0.4787644788	0.5091548673	0.7890625	0.9253731343	0.3229166667
108	0.4827586207	0.5081913474	0.7890625	0.9130434783	0.328125
109	0.4827586207	0.5076561419	0.7890625	0.9130434783	0.328125
110	0.4827586207	0.5074140504	0.7890625	0.9130434783	0.328125
111	0.4769230769	0.5069906248	0.7875	0.9117647059	0.3229166667
112	0.4885496183	0.5059814144	0.790625	0.9142857143	0.3333333333
113	0.4885496183	0.5048828056	0.790625	0.9142857143	0.3333333333
114	0.4769230769	0.504784141	0.7875	0.9117647059	0.3229166667
115	0.4827586207	0.5037382088	0.7890625	0.9130434783	0.328125
116	0.4885496183	0.5032012048	0.790625	0.9142857143	0.3333333333
117	0.4827586207	0.5027449189	0.7890625	0.9130434783	0.328125
118	0.4885496183	0.5015255	0.790625	0.9142857143	0.3333333333
119	0.5	0.500430526	0.79375	0.9166666667	0.34375
120	0.5	0.4992310966	0.79375	0.9166666667	0.34375
121	0.5056603774	0.4980507909	0.7953125	0.9178082192	0.3489583333
122	0.5168539326	0.4970129988	0.7984375	0.92	0.359375
123	0.5168539326	0.4962816562	0.7984375	0.92	0.359375
124	0.5037593985	0.4951926076	0.79375	0.9054054054	0.3489583333
125	0.5037593985	0.4943667235	0.79375	0.9054054054	0.3489583333
126	0.5168539326	0.4936856669	0.7984375	0.92	0.359375
127	0.5223880597	0.4924655702	0.8	0.9210526316	0.3645833333
128	0.5168539326	0.4920812884	0.7984375	0.92	0.359375
129	0.5168539326	0.4908076357	0.7984375	0.92	0.359375
130	0.5149253731	0.4906329911	0.796875	0.9078947368	0.359375
131	0.5149253731	0.4898657134	0.796875	0.9078947368	0.359375
132	0.5149253731	0.4890291086	0.796875	0.9078947368	0.359375
133	0.5204460967	0.4881106205	0.7984375	0.9090909091	0.3645833333
134	0.5204460967	0.4878680493	0.7984375	0.9090909091	0.3645833333
135	0.5204460967	0.4873722247	0.7984375	0.9090909091	0.3645833333
136	0.5204460967	0.4861556365	0.7984375	0.9090909091	0.3645833333
137	0.5259259259	0.4855184227	0.8	0.9102564103	0.3697916667
138	0.5313653137	0.4849478976	0.8015625	0.9113924051	0.375
139	0.5313653137	0.4842623577	0.8015625	0.9113924051	0.375
140	0.5367647059	0.4832065367	0.803125	0.9125	0.3802083333
141	0.5313653137	0.4824545504	0.8015625	0.9113924051	0.375
142	0.5313653137	0.4814515281	0.8015625	0.9113924051	0.375
143	0.5367647059	0.4810809014	0.803125	0.9125	0.3802083333
144	0.5367647059	0.4809214155	0.803125	0.9125	0.3802083333
145	0.5367647059	0.4802540002	0.803125	0.9125	0.3802083333
146	0.5367647059	0.4795742217	0.803125	0.9125	0.3802083333
147	0.5367647059	0.4789670789	0.803125	0.9125	0.3802083333
148	0.5421245421	0.4784376919	0.8046875	0.9135802469	0.3854166667
149	0.5474452555	0.4777341637	0.80625	0.9146341463	0.390625
150	0.5421245421	0.4771441934	0.8046875	0.9135802469	0.3854166667
151	0.5421245421	0.4766351019	0.8046875	0.9135802469	0.3854166667
152	0.5367647059	0.4755429125	0.803125	0.9125	0.3802083333
153	0.5454545455	0.4753344634	0.8046875	0.9036144578	0.390625
154	0.5347985348	0.4747010931	0.8015625	0.9012345679	0.3802083333
155	0.5367647059	0.4745457743	0.803125	0.9125	0.3802083333
156	0.5367647059	0.473708748	0.803125	0.9125	0.3802083333
157	0.5421245421	0.4727758563	0.8046875	0.9135802469	0.3854166667
158	0.5507246377	0.4720149726	0.80625	0.9047619048	0.3958333333
159	0.5559566787	0.4712057195	0.8078125	0.9058823529	0.4010416667
160	0.5507246377	0.4707044692	0.80625	0.9047619048	0.3958333333
161	0.5611510791	0.4696924958	0.809375	0.9069767442	0.40625
162	0.5663082437	0.4691006763	0.8109375	0.908045977	0.4114583333
163	0.5683453237	0.4681218842	0.8125	0.9186046512	0.4114583333
164	0.5663082437	0.4675715185	0.8109375	0.908045977	0.4114583333
165	0.5714285714	0.466861444	0.8125	0.9090909091	0.4166666667
166	0.5714285714	0.4665028542	0.8125	0.9090909091	0.4166666667
167	0.5765124555	0.4659028455	0.8140625	0.9101123596	0.421875
168	0.5765124555	0.4657101742	0.8140625	0.9101123596	0.421875
169	0.5765124555	0.465246312	0.8140625	0.9101123596	0.421875
170	0.5765124555	0.4645586349	0.8140625	0.9101123596	0.421875
171	0.5714285714	0.4641733944	0.8125	0.9090909091	0.4166666667
172	0.5714285714	0.4632691257	0.8125	0.9090909091	0.4166666667
173	0.5714285714	0.4629273205	0.8125	0.9090909091	0.4166666667
174	0.5714285714	0.4622847049	0.8125	0.9090909091	0.4166666667
175	0.5815602837	0.461659644	0.815625	0.9111111111	0.4270833333
176	0.5765124555	0.4612406791	0.8140625	0.9101123596	0.421875
177	0.5815602837	0.4605942783	0.815625	0.9111111111	0.4270833333
178	0.5865724382	0.4600930001	0.8171875	0.9120879121	0.4322916667
179	0.5865724382	0.4593375555	0.8171875	0.9120879121	0.4322916667
180	0.5865724382	0.4589618269	0.8171875	0.9120879121	0.4322916667
181	0.5915492958	0.4583396049	0.81875	0.9130434783	0.4375
182	0.5915492958	0.457702096	0.81875	0.9130434783	0.4375
183	0.6013986014	0.4569366378	0.821875	0.914893617	0.4479166667
184	0.5964912281	0.4565671542	0.8203125	0.9139784946	0.4427083333
185	0.5964912281	0.4565514931	0.8203125	0.9139784946	0.4427083333
186	0.5964912281	0.4557196589	0.8203125	0.9139784946	0.4427083333
187	0.5915492958	0.4548482619	0.81875	0.9130434783	0.4375
188	0.6013986014	0.4545973788	0.821875	0.914893617	0.4479166667
189	0.6013986014	0.4543686948	0.821875	0.914893617	0.4479166667
190	0.6013986014	0.453780869	0.821875	0.914893617	0.4479166667
191	0.6013986014	0.4535214991	0.821875	0.914893617	0.4479166667
192	0.6013986014	0.4531318085	0.821875	0.914893617	0.4479166667
193	0.606271777	0.45265122	0.8234375	0.9157894737	0.453125
194	0.6111111111	0.452129496	0.825	0.9166666667	0.4583333333
195	0.615916955	0.4517009742	0.8265625	0.9175257732	0.4635416667
196	0.615916955	0.4509207916	0.8265625	0.9175257732	0.4635416667
197	0.615916955	0.4502780444	0.8265625	0.9175257732	0.4635416667
198	0.615916955	0.449825216	0.8265625	0.9175257732	0.4635416667
199	0.6137931034	0.4491507058	0.825	0.9081632653	0.4635416667
200	0.6137931034	0.4488897997	0.825	0.9081632653	0.4635416667
201	0.6137931034	0.448547738	0.825	0.9081632653	0.4635416667
202	0.6137931034	0.4484663307	0.825	0.9081632653	0.4635416667
203	0.6137931034	0.4478275029	0.825	0.9081632653	0.4635416667
204	0.6137931034	0.4474525583	0.825	0.9081632653	0.4635416667
205	0.6089965398	0.446878054	0.8234375	0.9072164948	0.4583333333
206	0.6137931034	0.4462004853	0.825	0.9081632653	0.4635416667
207	0.6137931034	0.4459427223	0.825	0.9081632653	0.4635416667
208	0.6137931034	0.4456907148	0.825	0.9081632653	0.4635416667
209	0.6137931034	0.4454030556	0.825	0.9081632653	0.4635416667
210	0.6089965398	0.445115197	0.8234375	0.9072164948	0.4583333333
211	0.6137931034	0.4446396334	0.825	0.9081632653	0.4635416667
212	0.6137931034	0.444346939	0.825	0.9081632653	0.4635416667
213	0.6137931034	0.4439406362	0.825	0.9081632653	0.4635416667
214	0.6089965398	0.4436308287	0.8234375	0.9072164948	0.4583333333
215	0.6137931034	0.442955211	0.825	0.9081632653	0.4635416667
216	0.6089965398	0.4425924464	0.8234375	0.9072164948	0.4583333333
217	0.6089965398	0.4419472081	0.8234375	0.9072164948	0.4583333333
218	0.6089965398	0.441736758	0.8234375	0.9072164948	0.4583333333
219	0.6137931034	0.4411537471	0.825	0.9081632653	0.4635416667
220	0.6137931034	0.4409591247	0.825	0.9081632653	0.4635416667
221	0.618556701	0.4402830911	0.8265625	0.9090909091	0.46875
222	0.618556701	0.4398529197	0.8265625	0.9090909091	0.46875
223	0.618556701	0.4394473188	0.8265625	0.9090909091	0.46875
224	0.6232876712	0.4389630078	0.828125	0.91	0.4739583333
225	0.6232876712	0.4385145226	0.828125	0.91	0.4739583333
226	0.6279863481	0.4382053088	0.8296875	0.9108910891	0.4791666667
227	0.6279863481	0.4374714946	0.8296875	0.9108910891	0.4791666667
228	0.6326530612	0.4369869971	0.83125	0.9117647059	0.484375
229	0.6372881356	0.4369036891	0.8328125	0.9126213592	0.4895833333
230	0.6326530612	0.4364423551	0.83125	0.9117647059	0.484375
231	0.6372881356	0.4356590767	0.8328125	0.9126213592	0.4895833333
232	0.6464646465	0.4349737853	0.8359375	0.9142857143	0.5
233	0.6510067114	0.434363838	0.8375	0.9150943396	0.5052083333
234	0.6464646465	0.4339951313	0.8359375	0.9142857143	0.5
235	0.6464646465	0.4336859563	0.8359375	0.9142857143	0.5
236	0.6464646465	0.4335569409	0.8359375	0.9142857143	0.5
237	0.6464646465	0.432958654	0.8359375	0.9142857143	0.5
238	0.6510067114	0.4328076306	0.8375	0.9150943396	0.5052083333
239	0.6510067114	0.4323911202	0.8375	0.9150943396	0.5052083333
240	0.66	0.4320418493	0.840625	0.9166666667	0.515625
241	0.66	0.4315514332	0.840625	0.9166666667	0.515625
242	0.66	0.4310838463	0.840625	0.9166666667	0.515625
243	0.6555183946	0.4309034784	0.8390625	0.9158878505	0.5104166667
244	0.6555183946	0.4306488149	0.8390625	0.9158878505	0.5104166667
245	0.66	0.4301380105	0.840625	0.9166666667	0.515625
246	0.66	0.4297470191	0.840625	0.9166666667	0.515625
247	0.66	0.4296763759	0.840625	0.9166666667	0.515625
248	0.6644518272	0.4294307075	0.8421875	0.9174311927	0.5208333333
249	0.6644518272	0.4293988167	0.8421875	0.9174311927	0.5208333333
250	0.6688741722	0.4289276275	0.84375	0.9181818182	0.5260416667
251	0.6688741722	0.4285414827	0.84375	0.9181818182	0.5260416667
252	0.6688741722	0.4280882049	0.84375	0.9181818182	0.5260416667
253	0.6688741722	0.4277004775	0.84375	0.9181818182	0.5260416667
254	0.6688741722	0.4274827354	0.84375	0.9181818182	0.5260416667
255	0.6732673267	0.4268134653	0.8453125	0.9189189189	0.53125
256	0.6732673267	0.4262977606	0.8453125	0.9189189189	0.53125
257	0.6732673267	0.4260617278	0.8453125	0.9189189189	0.53125
258	0.6732673267	0.425685741	0.8453125	0.9189189189	0.53125
259	0.6732673267	0.4252639229	0.8453125	0.9189189189	0.53125
260	0.6732673267	0.4250738453	0.8453125	0.9189189189	0.53125
261	0.6732673267	0.4250381726	0.8453125	0.9189189189	0.53125
262	0.6732673267	0.4248966863	0.8453125	0.9189189189	0.53125
263	0.6732673267	0.4244988553	0.8453125	0.9189189189	0.53125
264	0.6732673267	0.4237620221	0.8453125	0.9189189189	0.53125
265	0.6732673267	0.4233589195	0.8453125	0.9189189189	0.53125
266	0.6732673267	0.4230276698	0.8453125	0.9189189189	0.53125
267	0.6688741722	0.4224127272	0.84375	0.9181818182	0.5260416667
268	0.6688741722	0.4222098433	0.84375	0.9181818182	0.5260416667
269	0.6688741722	0.4218359859	0.84375	0.9181818182	0.5260416667
270	0.6688741722	0.421395003	0.84375	0.9181818182	0.5260416667
271	0.6732673267	0.4211541457	0.8453125	0.9189189189	0.53125
272	0.6732673267	0.4209019702	0.8453125	0.9189189189	0.53125
273	0.6732673267	0.4206851434	0.8453125	0.9189189189	0.53125
274	0.6732673267	0.4202065766	0.8453125	0.9189189189	0.53125
275	0.6732673267	0.4199293255	0.8453125	0.9189189189	0.53125
276	0.6732673267	0.419309318	0.8453125	0.9189189189	0.53125
277	0.6732673267	0.4190211576	0.8453125	0.9189189189	0.53125
278	0.6732673267	0.4185624885	0.8453125	0.9189189189	0.53125
279	0.6710526316	0.4181329409	0.84375	0.9107142857	0.53125
280	0.6710526316	0.4180052433	0.84375	0.9107142857	0.53125
281	0.6710526316	0.4174721543	0.84375	0.9107142857	0.53125
282	0.6710526316	0.4174608263	0.84375	0.9107142857	0.53125
283	0.6754098361	0.4172741664	0.8453125	0.9115044248	0.5364583333
284	0.6754098361	0.4169723867	0.8453125	0.9115044248	0.5364583333
285	0.6754098361	0.4166336102	0.8453125	0.9115044248	0.5364583333
286	0.6797385621	0.4162949014	0.846875	0.9122807018	0.5416666667
287	0.6797385621	0.4159419613	0.846875	0.9122807018	0.5416666667
288	0.6797385621	0.4156590215	0.846875	0.9122807018	0.5416666667
289	0.6797385621	0.4150905346	0.846875	0.9122807018	0.5416666667
290	0.6797385621	0.4145230151	0.846875	0.9122807018	0.5416666667
291	0.6797385621	0.4142189378	0.846875	0.9122807018	0.5416666667
292	0.6797385621	0.4141765938	0.846875	0.9122807018	0.5416666667
293	0.6797385621	0.4141629747	0.846875	0.9122807018	0.5416666667
294	0.6797385621	0.4140583035	0.846875	0.9122807018	0.5416666667
295	0.6819672131	0.413770331	0.8484375	0.9203539823	0.5416666667
296	0.6819672131	0.4134566505	0.8484375	0.9203539823	0.5416666667
297	0.6819672131	0.4131702852	0.8484375	0.9203539823	0.5416666667
298	0.6819672131	0.4126836742	0.8484375	0.9203539823	0.5416666667
299	0.6819672131	0.4122187592	0.8484375	0.9203539823	0.5416666667
300	0.6819672131	0.4116007459	0.8484375	0.9203539823	0.5416666667
301	0.6819672131	0.4112168292	0.8484375	0.9203539823	0.5416666667
302	0.6862745098	0.4106925866	0.85	0.9210526316	0.546875
303	0.6862745098	0.4104604149	0.85	0.9210526316	0.546875
304	0.6862745098	0.4100667595	0.85	0.9210526316	0.546875
305	0.6862745098	0.4097794205	0.85	0.9210526316	0.546875
306	0.6862745098	0.4097228939	0.85	0.9210526316	0.546875
307	0.6862745098	0.4093730873	0.85	0.9210526316	0.546875
308	0.6862745098	0.4090768789	0.85	0.9210526316	0.546875
309	0.6862745098	0.4088154305	0.85	0.9210526316	0.546875
310	0.6862745098	0.4085665332	0.85	0.9210526316	0.546875
311	0.6862745098	0.4082675608	0.85	0.9210526316	0.546875
312	0.6905537459	0.4077895907	0.8515625	0.9217391304	0.5520833333
313	0.6905537459	0.4072883104	0.8515625	0.9217391304	0.5520833333
314	0.6905537459	0.4067566402	0.8515625	0.9217391304	0.5520833333
315	0.6905537459	0.4063007646	0.8515625	0.9217391304	0.5520833333
316	0.6905537459	0.4058237403	0.8515625	0.9217391304	0.5520833333
317	0.6948051948	0.4054333687	0.853125	0.9224137931	0.5572916667
318	0.6948051948	0.4052361648	0.853125	0.9224137931	0.5572916667
319	0.6948051948	0.4052227228	0.853125	0.9224137931	0.5572916667
320	0.6948051948	0.4050311904	0.853125	0.9224137931	0.5572916667
321	0.6948051948	0.4048023268	0.853125	0.9224137931	0.5572916667
322	0.6948051948	0.4046517874	0.853125	0.9224137931	0.5572916667
323	0.6948051948	0.4038968715	0.853125	0.9224137931	0.5572916667
324	0.6948051948	0.4036374961	0.853125	0.9224137931	0.5572916667
325	0.6948051948	0.4035694485	0.853125	0.9224137931	0.5572916667
326	0.6948051948	0.4032637918	0.853125	0.9224137931	0.5572916667
327	0.6948051948	0.4028603703	0.853125	0.9224137931	0.5572916667
328	0.6948051948	0.4026985494	0.853125	0.9224137931	0.5572916667
329	0.6970684039	0.4023028692	0.8546875	0.9304347826	0.5572916667
330	0.6970684039	0.4023028161	0.8546875	0.9304347826	0.5572916667
331	0.6970684039	0.4020284752	0.8546875	0.9304347826	0.5572916667
332	0.6990291262	0.4014733316	0.8546875	0.9230769231	0.5625
333	0.6990291262	0.4012947435	0.8546875	0.9230769231	0.5625
334	0.7012987013	0.4009895105	0.85625	0.9310344828	0.5625
335	0.7012987013	0.4006029924	0.85625	0.9310344828	0.5625
336	0.7012987013	0.400176494	0.85625	0.9310344828	0.5625
337	0.7012987013	0.3998679419	0.85625	0.9310344828	0.5625
338	0.7012987013	0.3998236019	0.85625	0.9310344828	0.5625
339	0.6970684039	0.3997157378	0.8546875	0.9304347826	0.5572916667
340	0.7012987013	0.3994470147	0.85625	0.9310344828	0.5625
341	0.7012987013	0.3992823358	0.85625	0.9310344828	0.5625
342	0.7012987013	0.3988769173	0.85625	0.9310344828	0.5625
343	0.7012987013	0.3985013895	0.85625	0.9310344828	0.5625
344	0.7012987013	0.3983798217	0.85625	0.9310344828	0.5625
345	0.7055016181	0.3981487529	0.8578125	0.9316239316	0.5677083333
346	0.7055016181	0.3976632223	0.8578125	0.9316239316	0.5677083333
347	0.7055016181	0.397591605	0.8578125	0.9316239316	0.5677083333
348	0.7055016181	0.3973295213	0.8578125	0.9316239316	0.5677083333
349	0.7055016181	0.3973014883	0.8578125	0.9316239316	0.5677083333
350	0.7055016181	0.396964138	0.8578125	0.9316239316	0.5677083333
351	0.7055016181	0.3967206471	0.8578125	0.9316239316	0.5677083333
352	0.7055016181	0.3963962544	0.8578125	0.9316239316	0.5677083333
353	0.7055016181	0.3963622446	0.8578125	0.9316239316	0.5677083333
354	0.7032258065	0.3962249684	0.85625	0.9237288136	0.5677083333
355	0.7032258065	0.3959455245	0.85625	0.9237288136	0.5677083333
356	0.7073954984	0.3954562473	0.8578125	0.9243697479	0.5729166667
357	0.7073954984	0.3951206903	0.8578125	0.9243697479	0.5729166667
358	0.7073954984	0.3949451029	0.8578125	0.9243697479	0.5729166667
359	0.7073954984	0.3946757056	0.8578125	0.9243697479	0.5729166667
360	0.7073954984	0.3942156574	0.8578125	0.9243697479	0.5729166667
361	0.7138263666	0.393628403	0.8609375	0.9327731092	0.578125
362	0.7138263666	0.393622576	0.8609375	0.9327731092	0.578125
363	0.7138263666	0.3935055542	0.8609375	0.9327731092	0.578125
364	0.7115384615	0.3932236564	0.859375	0.925	0.578125
365	0.7115384615	0.3931870378	0.859375	0.925	0.578125
366	0.7115384615	0.3927222642	0.859375	0.925	0.578125
367	0.7115384615	0.392543519	0.859375	0.925	0.578125
368	0.7115384615	0.3921647487	0.859375	0.925	0.578125
369	0.7138263666	0.3916287677	0.8609375	0.9327731092	0.578125
370	0.7115384615	0.3911140911	0.859375	0.925	0.578125
371	0.7138263666	0.3907273052	0.8609375	0.9327731092	0.578125
372	0.7096774194	0.3901420088	0.859375	0.9322033898	0.5729166667
373	0.7096774194	0.389803572	0.859375	0.9322033898	0.5729166667
374	0.7156549521	0.3894540963	0.8609375	0.9256198347	0.5833333333
375	0.7115384615	0.3893229322	0.859375	0.925	0.578125
376	0.7156549521	0.3890031928	0.8609375	0.9256198347	0.5833333333
377	0.7156549521	0.3886907099	0.8609375	0.9256198347	0.5833333333
378	0.7156549521	0.3883392446	0.8609375	0.9256198347	0.5833333333
379	0.7156549521	0.3880772729	0.8609375	0.9256198347	0.5833333333
380	0.7156549521	0.3879179547	0.8609375	0.9256198347	0.5833333333
381	0.7156549521	0.387421242	0.8609375	0.9256198347	0.5833333333
382	0.7220447284	0.3872588032	0.8640625	0.9338842975	0.5885416667
383	0.7197452229	0.3871193272	0.8625	0.9262295082	0.5885416667
384	0.7197452229	0.3867466484	0.8625	0.9262295082	0.5885416667
385	0.7197452229	0.3865330724	0.8625	0.9262295082	0.5885416667
386	0.7156549521	0.3862337554	0.8609375	0.9256198347	0.5833333333
387	0.7156549521	0.3859319641	0.8609375	0.9256198347	0.5833333333
388	0.7156549521	0.3859010052	0.8609375	0.9256198347	0.5833333333
389	0.7156549521	0.385606533	0.8609375	0.9256198347	0.5833333333
390	0.7197452229	0.3853630607	0.8625	0.9262295082	0.5885416667
391	0.7197452229	0.3852361014	0.8625	0.9262295082	0.5885416667
392	0.7197452229	0.3849537823	0.8625	0.9262295082	0.5885416667
393	0.7197452229	0.3847639904	0.8625	0.9262295082	0.5885416667
394	0.7197452229	0.3844160562	0.8625	0.9262295082	0.5885416667
395	0.7197452229	0.3840336795	0.8625	0.9262295082	0.5885416667
396	0.7197452229	0.3837212064	0.8625	0.9262295082	0.5885416667
397	0.7197452229	0.3834624522	0.8625	0.9262295082	0.5885416667
398	0.7197452229	0.383286597	0.8625	0.9262295082	0.5885416667
399	0.7197452229	0.3832790224	0.8625	0.9262295082	0.5885416667
400	0.7197452229	0.3829716371	0.8625	0.9262295082	0.5885416667
401	0.7197452229	0.3826859871	0.8625	0.9262295082	0.5885416667
402	0.7197452229	0.3822959982	0.8625	0.9262295082	0.5885416667
403	0.7197452229	0.3822674569	0.8625	0.9262295082	0.5885416667
404	0.7197452229	0.3821591149	0.8625	0.9262295082	0.5885416667
405	0.7197452229	0.3820744668	0.8625	0.9262295082	0.5885416667
406	0.7197452229	0.3817003192	0.8625	0.9262295082	0.5885416667
407	0.7197452229	0.3812257655	0.8625	0.9262295082	0.5885416667
408	0.7238095238	0.3808479077	0.8640625	0.9268292683	0.59375
409	0.7238095238	0.3808233235	0.8640625	0.9268292683	0.59375
410	0.7238095238	0.3804589589	0.8640625	0.9268292683	0.59375
411	0.7238095238	0.3801394523	0.8640625	0.9268292683	0.59375
412	0.7238095238	0.3799227686	0.8640625	0.9268292683	0.59375
413	0.7238095238	0.3795942472	0.8640625	0.9268292683	0.59375
414	0.7238095238	0.3793871846	0.8640625	0.9268292683	0.59375
415	0.7238095238	0.3791210022	0.8640625	0.9268292683	0.59375
416	0.7238095238	0.378808802	0.8640625	0.9268292683	0.59375
417	0.7238095238	0.3786576351	0.8640625	0.9268292683	0.59375
418	0.7238095238	0.378454007	0.8640625	0.9268292683	0.59375
419	0.7238095238	0.3784495852	0.8640625	0.9268292683	0.59375
420	0.7238095238	0.3782456876	0.8640625	0.9268292683	0.59375
421	0.7278481013	0.3779662326	0.865625	0.9274193548	0.5989583333
422	0.7278481013	0.3775331911	0.865625	0.9274193548	0.5989583333
423	0.7278481013	0.377395057	0.865625	0.9274193548	0.5989583333
424	0.7278481013	0.3770556699	0.865625	0.9274193548	0.5989583333
425	0.7278481013	0.3768812195	0.865625	0.9274193548	0.5989583333
426	0.7278481013	0.3765474502	0.865625	0.9274193548	0.5989583333
427	0.7278481013	0.3764863869	0.865625	0.9274193548	0.5989583333
428	0.7278481013	0.3762389107	0.865625	0.9274193548	0.5989583333
429	0.7278481013	0.3759143177	0.865625	0.9274193548	0.5989583333
430	0.7278481013	0.3757967091	0.865625	0.9274193548	0.5989583333
431	0.7318611987	0.3752601331	0.8671875	0.928	0.6041666667
432	0.7318611987	0.3750655912	0.8671875	0.928	0.6041666667
433	0.7318611987	0.3747419694	0.8671875	0.928	0.6041666667
434	0.7358490566	0.3745808573	0.86875	0.9285714286	0.609375
435	0.7358490566	0.374486064	0.86875	0.9285714286	0.609375
436	0.7358490566	0.3742136539	0.86875	0.9285714286	0.609375
437	0.7358490566	0.3741093187	0.86875	0.9285714286	0.609375
438	0.7358490566	0.3736484496	0.86875	0.9285714286	0.609375
439	0.7358490566	0.3734891985	0.86875	0.9285714286	0.609375
440	0.7358490566	0.3731745591	0.86875	0.9285714286	0.609375
441	0.7398119122	0.3728124481	0.8703125	0.9291338583	0.6145833333
442	0.7375	0.3726461287	0.86875	0.921875	0.6145833333
443	0.7335423197	0.3723055689	0.8671875	0.9212598425	0.609375
444	0.7335423197	0.3720780242	0.8671875	0.9212598425	0.609375
445	0.7398119122	0.3718767029	0.8703125	0.9291338583	0.6145833333
446	0.7375	0.3718732861	0.86875	0.921875	0.6145833333
447	0.7398119122	0.3716166571	0.8703125	0.9291338583	0.6145833333
448	0.7398119122	0.3712891873	0.8703125	0.9291338583	0.6145833333
449	0.74375	0.3708058511	0.871875	0.9296875	0.6197916667
450	0.74375	0.3708025141	0.871875	0.9296875	0.6197916667
451	0.74375	0.370566561	0.871875	0.9296875	0.6197916667
452	0.74375	0.3701500056	0.871875	0.9296875	0.6197916667
453	0.7398119122	0.3698503924	0.8703125	0.9291338583	0.6145833333
454	0.7398119122	0.3695761965	0.8703125	0.9291338583	0.6145833333
455	0.7398119122	0.3691206515	0.8703125	0.9291338583	0.6145833333
456	0.74375	0.3688927634	0.871875	0.9296875	0.6197916667
457	0.74375	0.3685252076	0.871875	0.9296875	0.6197916667
458	0.74375	0.3682016535	0.871875	0.9296875	0.6197916667
459	0.74375	0.3679285361	0.871875	0.9296875	0.6197916667
460	0.74375	0.3678947332	0.871875	0.9296875	0.6197916667
461	0.74375	0.3678017967	0.871875	0.9296875	0.6197916667
462	0.74375	0.367572175	0.871875	0.9296875	0.6197916667
463	0.7398119122	0.3670467407	0.8703125	0.9291338583	0.6145833333
464	0.74375	0.3668328408	0.871875	0.9296875	0.6197916667
465	0.74375	0.3667373337	0.871875	0.9296875	0.6197916667
466	0.74375	0.3665078578	0.871875	0.9296875	0.6197916667
467	0.7398119122	0.3663910367	0.8703125	0.9291338583	0.6145833333
468	0.74375	0.3661819466	0.871875	0.9296875	0.6197916667
469	0.7476635514	0.3658486716	0.8734375	0.9302325581	0.625
470	0.7476635514	0.36558063	0.8734375	0.9302325581	0.625
471	0.751552795	0.3651727849	0.875	0.9307692308	0.6302083333
472	0.751552795	0.3649283163	0.875	0.9307692308	0.6302083333
473	0.751552795	0.3648274313	0.875	0.9307692308	0.6302083333
474	0.751552795	0.3647417751	0.875	0.9307692308	0.6302083333
475	0.751552795	0.364602538	0.875	0.9307692308	0.6302083333
476	0.751552795	0.3643401671	0.875	0.9307692308	0.6302083333
477	0.751552795	0.3643334036	0.875	0.9307692308	0.6302083333
478	0.751552795	0.3641118987	0.875	0.9307692308	0.6302083333
479	0.7476635514	0.3639130835	0.8734375	0.9302325581	0.625
480	0.7476635514	0.3636763638	0.8734375	0.9302325581	0.625
481	0.7476635514	0.3636247369	0.8734375	0.9302325581	0.625
482	0.7476635514	0.3635763287	0.8734375	0.9302325581	0.625
483	0.751552795	0.3630794839	0.875	0.9307692308	0.6302083333
484	0.7554179567	0.3627881941	0.8765625	0.9312977099	0.6354166667
485	0.7554179567	0.3627175997	0.8765625	0.9312977099	0.6354166667
486	0.7554179567	0.3623668361	0.8765625	0.9312977099	0.6354166667
487	0.7554179567	0.3618863086	0.8765625	0.9312977099	0.6354166667
488	0.7554179567	0.3617342325	0.8765625	0.9312977099	0.6354166667
489	0.7554179567	0.3615954577	0.8765625	0.9312977099	0.6354166667
490	0.7554179567	0.3613233474	0.8765625	0.9312977099	0.6354166667
491	0.7554179567	0.3612066791	0.8765625	0.9312977099	0.6354166667
492	0.751552795	0.3611177435	0.875	0.9307692308	0.6302083333
493	0.751552795	0.3607569044	0.875	0.9307692308	0.6302083333
494	0.7554179567	0.3605485249	0.8765625	0.9312977099	0.6354166667
495	0.7554179567	0.3603394762	0.8765625	0.9312977099	0.6354166667
496	0.7554179567	0.3599800317	0.8765625	0.9312977099	0.6354166667
497	0.7554179567	0.3595528162	0.8765625	0.9312977099	0.6354166667
498	0.7554179567	0.3592967804	0.8765625	0.9312977099	0.6354166667
499	0.7592592593	0.358973431	0.878125	0.9318181818	0.640625
500	0.7592592593	0.3589426818	0.878125	0.9318181818	0.640625
501	0.7592592593	0.3587185922	0.878125	0.9318181818	0.640625
502	0.7554179567	0.3584289853	0.8765625	0.9312977099	0.6354166667
503	0.7592592593	0.3582029631	0.878125	0.9318181818	0.640625
504	0.7592592593	0.3578847147	0.878125	0.9318181818	0.640625
505	0.7630769231	0.3575016976	0.8796875	0.9323308271	0.6458333333
506	0.7630769231	0.3571830558	0.8796875	0.9323308271	0.6458333333
507	0.7630769231	0.3570406042	0.8796875	0.9323308271	0.6458333333
508	0.7630769231	0.3567927645	0.8796875	0.9323308271	0.6458333333
509	0.7592592593	0.35664467	0.878125	0.9318181818	0.640625
510	0.7592592593	0.3565597214	0.878125	0.9318181818	0.640625
511	0.7554179567	0.3562089578	0.8765625	0.9312977099	0.6354166667
512	0.7630769231	0.3560222046	0.8796875	0.9323308271	0.6458333333
513	0.7630769231	0.3557889419	0.8796875	0.9323308271	0.6458333333
514	0.7630769231	0.3557283344	0.8796875	0.9323308271	0.6458333333
515	0.7630769231	0.3556114521	0.8796875	0.9323308271	0.6458333333
516	0.7592592593	0.3551042866	0.878125	0.9318181818	0.640625
517	0.7592592593	0.3549939129	0.878125	0.9318181818	0.640625
518	0.7592592593	0.3547562439	0.878125	0.9318181818	0.640625
519	0.7630769231	0.3544932605	0.8796875	0.9323308271	0.6458333333
520	0.7630769231	0.3543262469	0.8796875	0.9323308271	0.6458333333
521	0.7630769231	0.3540157581	0.8796875	0.9323308271	0.6458333333
522	0.7630769231	0.3538582764	0.8796875	0.9323308271	0.6458333333
523	0.7630769231	0.3535287752	0.8796875	0.9323308271	0.6458333333
524	0.7630769231	0.3533930556	0.8796875	0.9323308271	0.6458333333
525	0.7668711656	0.353065504	0.88125	0.9328358209	0.6510416667
526	0.7668711656	0.3528990098	0.88125	0.9328358209	0.6510416667
527	0.7668711656	0.3527274478	0.88125	0.9328358209	0.6510416667
528	0.7668711656	0.352617756	0.88125	0.9328358209	0.6510416667
529	0.7668711656	0.3525867309	0.88125	0.9328358209	0.6510416667
530	0.7668711656	0.3523993846	0.88125	0.9328358209	0.6510416667
531	0.7668711656	0.3520777232	0.88125	0.9328358209	0.6510416667
532	0.7668711656	0.3519183222	0.88125	0.9328358209	0.6510416667
533	0.7706422018	0.3516510025	0.8828125	0.9333333333	0.65625
534	0.7706422018	0.3515232861	0.8828125	0.9333333333	0.65625
535	0.7743902439	0.3513529606	0.884375	0.9338235294	0.6614583333
536	0.7743902439	0.3512626902	0.884375	0.9338235294	0.6614583333
537	0.7743902439	0.3511578278	0.884375	0.9338235294	0.6614583333
538	0.7743902439	0.3510513762	0.884375	0.9338235294	0.6614583333
539	0.7743902439	0.3508542318	0.884375	0.9338235294	0.6614583333
540	0.7781155015	0.3506298165	0.8859375	0.9343065693	0.6666666667
541	0.7781155015	0.3500996743	0.8859375	0.9343065693	0.6666666667
542	0.7743902439	0.3499084191	0.884375	0.9338235294	0.6614583333
543	0.7781155015	0.3496169312	0.8859375	0.9343065693	0.6666666667
544	0.7781155015	0.3494484434	0.8859375	0.9343065693	0.6666666667
545	0.7781155015	0.349213692	0.8859375	0.9343065693	0.6666666667
546	0.7781155015	0.3492112817	0.8859375	0.9343065693	0.6666666667
547	0.7818181818	0.3489088592	0.8875	0.9347826087	0.671875
548	0.7818181818	0.3487796172	0.8875	0.9347826087	0.671875
549	0.7818181818	0.3486395526	0.8875	0.9347826087	0.671875
550	0.7818181818	0.3485385869	0.8875	0.9347826087	0.671875
551	0.7743902439	0.3481441527	0.884375	0.9338235294	0.6614583333
552	0.7743902439	0.3478028139	0.884375	0.9338235294	0.6614583333
553	0.7743902439	0.3475206145	0.884375	0.9338235294	0.6614583333
554	0.7743902439	0.3473005871	0.884375	0.9338235294	0.6614583333
555	0.7743902439	0.3470887595	0.884375	0.9338235294	0.6614583333
556	0.7781155015	0.3469032851	0.8859375	0.9343065693	0.6666666667
557	0.7781155015	0.3466013623	0.8859375	0.9343065693	0.6666666667
558	0.7781155015	0.3464864675	0.8859375	0.9343065693	0.6666666667
559	0.7781155015	0.3462789073	0.8859375	0.9343065693	0.6666666667
560	0.7781155015	0.3458021561	0.8859375	0.9343065693	0.6666666667
561	0.7781155015	0.3454351504	0.8859375	0.9343065693	0.6666666667
562	0.7781155015	0.3452990501	0.8859375	0.9343065693	0.6666666667
563	0.7818181818	0.3450357469	0.8875	0.9347826087	0.671875
564	0.7818181818	0.3448002195	0.8875	0.9347826087	0.671875
565	0.7854984894	0.3443822337	0.8890625	0.9352517986	0.6770833333
566	0.7854984894	0.3441632765	0.8890625	0.9352517986	0.6770833333
567	0.7854984894	0.3440030276	0.8890625	0.9352517986	0.6770833333
568	0.7854984894	0.3436568722	0.8890625	0.9352517986	0.6770833333
569	0.7854984894	0.343358078	0.8890625	0.9352517986	0.6770833333
570	0.7854984894	0.3431127707	0.8890625	0.9352517986	0.6770833333
571	0.7891566265	0.342797907	0.890625	0.9357142857	0.6822916667
572	0.7891566265	0.3426192309	0.890625	0.9357142857	0.6822916667
573	0.7891566265	0.3423209508	0.890625	0.9357142857	0.6822916667
574	0.7891566265	0.3423000561	0.890625	0.9357142857	0.6822916667
575	0.7891566265	0.3421481346	0.890625	0.9357142857	0.6822916667
576	0.7891566265	0.3419413261	0.890625	0.9357142857	0.6822916667
577	0.7927927928	0.3416984447	0.8921875	0.9361702128	0.6875
578	0.7927927928	0.3415470393	0.8921875	0.9361702128	0.6875
579	0.7927927928	0.3413640281	0.8921875	0.9361702128	0.6875
580	0.7927927928	0.3410929669	0.8921875	0.9361702128	0.6875
581	0.7927927928	0.3408751189	0.8921875	0.9361702128	0.6875
582	0.7927927928	0.3404053991	0.8921875	0.9361702128	0.6875
583	0.7927927928	0.34017265	0.8921875	0.9361702128	0.6875
584	0.7927927928	0.3398156748	0.8921875	0.9361702128	0.6875
585	0.7927927928	0.339683171	0.8921875	0.9361702128	0.6875
586	0.7927927928	0.3393570413	0.8921875	0.9361702128	0.6875
587	0.7891566265	0.3389474054	0.890625	0.9357142857	0.6822916667
588	0.7891566265	0.3388970585	0.890625	0.9357142857	0.6822916667
589	0.7927927928	0.3385467374	0.8921875	0.9361702128	0.6875
590	0.7927927928	0.3384655078	0.8921875	0.9361702128	0.6875
591	0.7951807229	0.3381567654	0.89375	0.9428571429	0.6875
592	0.7951807229	0.3379901258	0.89375	0.9428571429	0.6875
593	0.7951807229	0.3379313337	0.89375	0.9428571429	0.6875
594	0.7951807229	0.3377143025	0.89375	0.9428571429	0.6875
595	0.7951807229	0.3375186123	0.89375	0.9428571429	0.6875
596	0.7951807229	0.3373934019	0.89375	0.9428571429	0.6875
597	0.7987987988	0.3371682997	0.8953125	0.9432624113	0.6927083333
598	0.7951807229	0.3369703311	0.89375	0.9428571429	0.6875
599	0.7951807229	0.3368612299	0.89375	0.9428571429	0.6875
600	0.7951807229	0.3366260546	0.89375	0.9428571429	0.6875
601	0.7951807229	0.3366006934	0.89375	0.9428571429	0.6875
602	0.7987987988	0.3363934915	0.8953125	0.9432624113	0.6927083333
603	0.7987987988	0.3360784136	0.8953125	0.9432624113	0.6927083333
604	0.7987987988	0.3360204224	0.8953125	0.9432624113	0.6927083333
605	0.7987987988	0.3359201385	0.8953125	0.9432624113	0.6927083333
606	0.7951807229	0.335685871	0.89375	0.9428571429	0.6875
607	0.7987987988	0.3354599875	0.8953125	0.9432624113	0.6927083333
608	0.8023952096	0.3351710741	0.896875	0.9436619718	0.6979166667
609	0.8023952096	0.3349616875	0.896875	0.9436619718	0.6979166667
610	0.8023952096	0.3349407094	0.896875	0.9436619718	0.6979166667
611	0.8023952096	0.3347672019	0.896875	0.9436619718	0.6979166667
612	0.8023952096	0.3346079986	0.896875	0.9436619718	0.6979166667
613	0.8023952096	0.3343399012	0.896875	0.9436619718	0.6979166667
614	0.8023952096	0.3342344962	0.896875	0.9436619718	0.6979166667
615	0.8023952096	0.3340933787	0.896875	0.9436619718	0.6979166667
616	0.8023952096	0.3337920923	0.896875	0.9436619718	0.6979166667
617	0.8023952096	0.3335161899	0.896875	0.9436619718	0.6979166667
618	0.8023952096	0.3333332163	0.896875	0.9436619718	0.6979166667
619	0.8023952096	0.3332190291	0.896875	0.9436619718	0.6979166667
620	0.8023952096	0.3330306516	0.896875	0.9436619718	0.6979166667
621	0.8059701493	0.3327701966	0.8984375	0.9440559441	0.703125
622	0.8023952096	0.3325660491	0.896875	0.9436619718	0.6979166667
623	0.8023952096	0.3325318616	0.896875	0.9436619718	0.6979166667
624	0.8023952096	0.3323228046	0.896875	0.9436619718	0.6979166667
625	0.8023952096	0.3322970937	0.896875	0.9436619718	0.6979166667
626	0.8023952096	0.3321568109	0.896875	0.9436619718	0.6979166667
627	0.8023952096	0.3318228219	0.896875	0.9436619718	0.6979166667
628	0.8023952096	0.3315671678	0.896875	0.9436619718	0.6979166667
629	0.8023952096	0.3313987882	0.896875	0.9436619718	0.6979166667
630	0.8023952096	0.3311994269	0.896875	0.9436619718	0.6979166667
631	0.8023952096	0.3309988241	0.896875	0.9436619718	0.6979166667
632	0.8023952096	0.3308664799	0.896875	0.9436619718	0.6979166667
633	0.8023952096	0.3304904285	0.896875	0.9436619718	0.6979166667
634	0.8023952096	0.3302588266	0.896875	0.9436619718	0.6979166667
635	0.8023952096	0.3301082676	0.896875	0.9436619718	0.6979166667
636	0.8023952096	0.3301070761	0.896875	0.9436619718	0.6979166667
637	0.8023952096	0.330000815	0.896875	0.9436619718	0.6979166667
638	0.8023952096	0.32987971	0.896875	0.9436619718	0.6979166667
639	0.8023952096	0.3296177243	0.896875	0.9436619718	0.6979166667
640	0.8023952096	0.3295988126	0.896875	0.9436619718	0.6979166667
641	0.8023952096	0.3294763114	0.896875	0.9436619718	0.6979166667
642	0.8023952096	0.3292562975	0.896875	0.9436619718	0.6979166667
643	0.8023952096	0.3291139766	0.896875	0.9436619718	0.6979166667
644	0.8023952096	0.3289069698	0.896875	0.9436619718	0.6979166667
645	0.8023952096	0.3285857047	0.896875	0.9436619718	0.6979166667
646	0.8023952096	0.328190104	0.896875	0.9436619718	0.6979166667
647	0.8023952096	0.3279394633	0.896875	0.9436619718	0.6979166667
648	0.8023952096	0.3278882976	0.896875	0.9436619718	0.6979166667
649	0.8023952096	0.3278604078	0.896875	0.9436619718	0.6979166667
650	0.8059701493	0.327627542	0.8984375	0.9440559441	0.703125
651	0.8059701493	0.3271794703	0.8984375	0.9440559441	0.703125
652	0.8059701493	0.3266700386	0.8984375	0.9440559441	0.703125
653	0.8059701493	0.3264819169	0.8984375	0.9440559441	0.703125
654	0.8059701493	0.3264816955	0.8984375	0.9440559441	0.703125
655	0.8059701493	0.326253896	0.8984375	0.9440559441	0.703125
656	0.8059701493	0.3259898472	0.8984375	0.9440559441	0.703125
657	0.8059701493	0.3257069632	0.8984375	0.9440559441	0.703125
658	0.8059701493	0.3255270846	0.8984375	0.9440559441	0.703125
659	0.8059701493	0.3253464939	0.8984375	0.9440559441	0.703125
660	0.8059701493	0.3252719012	0.8984375	0.9440559441	0.703125
661	0.8059701493	0.3251034726	0.8984375	0.9440559441	0.703125
662	0.8059701493	0.325061269	0.8984375	0.9440559441	0.703125
663	0.8059701493	0.3249216102	0.8984375	0.9440559441	0.703125
664	0.8095238095	0.3247537479	0.9	0.9444444444	0.7083333333
665	0.8095238095	0.3245352578	0.9	0.9444444444	0.7083333333
666	0.8059701493	0.3243679202	0.8984375	0.9440559441	0.703125
667	0.8059701493	0.3241126684	0.8984375	0.9440559441	0.703125
668	0.8059701493	0.3239895864	0.8984375	0.9440559441	0.703125
669	0.8059701493	0.3239775884	0.8984375	0.9440559441	0.703125
670	0.8059701493	0.3238957117	0.8984375	0.9440559441	0.703125
671	0.8059701493	0.323781094	0.8984375	0.9440559441	0.703125
672	0.8059701493	0.3235315098	0.8984375	0.9440559441	0.703125
673	0.8059701493	0.3230877766	0.8984375	0.9440559441	0.703125
674	0.8059701493	0.3229672888	0.8984375	0.9440559441	0.703125
675	0.8059701493	0.3226656729	0.8984375	0.9440559441	0.703125
676	0.8059701493	0.3225135799	0.8984375	0.9440559441	0.703125
677	0.8059701493	0.3224841028	0.8984375	0.9440559441	0.703125
678	0.8059701493	0.3221021434	0.8984375	0.9440559441	0.703125
679	0.8059701493	0.321901982	0.8984375	0.9440559441	0.703125
680	0.8059701493	0.3215655618	0.8984375	0.9440559441	0.703125
681	0.8059701493	0.3213931359	0.8984375	0.9440559441	0.703125
682	0.8059701493	0.3211964238	0.8984375	0.9440559441	0.703125
683	0.8059701493	0.3209749316	0.8984375	0.9440559441	0.703125
684	0.8059701493	0.3208638229	0.8984375	0.9440559441	0.703125
685	0.8059701493	0.3208305953	0.8984375	0.9440559441	0.703125
686	0.8059701493	0.3207532956	0.8984375	0.9440559441	0.703125
687	0.8059701493	0.3206015044	0.8984375	0.9440559441	0.703125
688	0.8059701493	0.3204674836	0.8984375	0.9440559441	0.703125
689	0.8059701493	0.320407513	0.8984375	0.9440559441	0.703125
690	0.8059701493	0.320212118	0.8984375	0.9440559441	0.703125
691	0.8059701493	0.3201152532	0.8984375	0.9440559441	0.703125
692	0.8095238095	0.3199472535	0.9	0.9444444444	0.7083333333
693	0.8095238095	0.3199471114	0.9	0.9444444444	0.7083333333
694	0.8095238095	0.3197883948	0.9	0.9444444444	0.7083333333
695	0.8095238095	0.3197390083	0.9	0.9444444444	0.7083333333
696	0.8095238095	0.3195670485	0.9	0.9444444444	0.7083333333
697	0.8095238095	0.3194352709	0.9	0.9444444444	0.7083333333
698	0.8095238095	0.3193107285	0.9	0.9444444444	0.7083333333
699	0.8095238095	0.3189602041	0.9	0.9444444444	0.7083333333
700	0.8130563798	0.3187054777	0.9015625	0.9448275862	0.7135416667
701	0.8095238095	0.3185729152	0.9	0.9444444444	0.7083333333
702	0.8165680473	0.3183383704	0.903125	0.9452054795	0.71875
703	0.8165680473	0.3180235153	0.903125	0.9452054795	0.71875
704	0.8165680473	0.317625041	0.903125	0.9452054795	0.71875
705	0.8165680473	0.3174904917	0.903125	0.9452054795	0.71875
706	0.8165680473	0.3172346568	0.903125	0.9452054795	0.71875
707	0.8095238095	0.3170881846	0.9	0.9444444444	0.7083333333
708	0.8095238095	0.3169523414	0.9	0.9444444444	0.7083333333
709	0.8095238095	0.3168279379	0.9	0.9444444444	0.7083333333
710	0.8130563798	0.3165416262	0.9015625	0.9448275862	0.7135416667
711	0.8200589971	0.3161575602	0.9046875	0.9455782313	0.7239583333
712	0.8200589971	0.3159286606	0.9046875	0.9455782313	0.7239583333
713	0.8165680473	0.3156561369	0.903125	0.9452054795	0.71875
714	0.8165680473	0.3152209084	0.903125	0.9452054795	0.71875
715	0.8200589971	0.3150515371	0.9046875	0.9455782313	0.7239583333
716	0.8200589971	0.3148722903	0.9046875	0.9455782313	0.7239583333
717	0.8200589971	0.3147334875	0.9046875	0.9455782313	0.7239583333
718	0.8235294118	0.3144366378	0.90625	0.9459459459	0.7291666667
719	0.8200589971	0.3142314294	0.9046875	0.9455782313	0.7239583333
720	0.8200589971	0.3140093697	0.9046875	0.9455782313	0.7239583333
721	0.8200589971	0.3137163412	0.9046875	0.9455782313	0.7239583333
722	0.8200589971	0.3135709775	0.9046875	0.9455782313	0.7239583333
723	0.8200589971	0.3132976867	0.9046875	0.9455782313	0.7239583333
724	0.8165680473	0.3128183863	0.903125	0.9452054795	0.71875
725	0.8165680473	0.3126596565	0.903125	0.9452054795	0.71875
726	0.8165680473	0.3125533803	0.903125	0.9452054795	0.71875
727	0.8200589971	0.312231043	0.9046875	0.9455782313	0.7239583333
728	0.8200589971	0.3120333438	0.9046875	0.9455782313	0.7239583333
729	0.8200589971	0.3118176157	0.9046875	0.9455782313	0.7239583333
730	0.8235294118	0.3115590625	0.90625	0.9459459459	0.7291666667
731	0.8200589971	0.3113699843	0.9046875	0.9455782313	0.7239583333
732	0.8235294118	0.3111783857	0.90625	0.9459459459	0.7291666667
733	0.8200589971	0.311030383	0.9046875	0.9455782313	0.7239583333
734	0.8235294118	0.3108364012	0.90625	0.9459459459	0.7291666667
735	0.8269794721	0.3106995446	0.9078125	0.9463087248	0.734375
736	0.8269794721	0.310477234	0.9078125	0.9463087248	0.734375
737	0.8235294118	0.3101969221	0.90625	0.9459459459	0.7291666667
738	0.8235294118	0.3100807721	0.90625	0.9459459459	0.7291666667
739	0.8269794721	0.3098424567	0.9078125	0.9463087248	0.734375
740	0.8235294118	0.3097449055	0.90625	0.9459459459	0.7291666667
741	0.8235294118	0.3092751625	0.90625	0.9459459459	0.7291666667
742	0.8235294118	0.309138726	0.90625	0.9459459459	0.7291666667
743	0.8235294118	0.3089155614	0.90625	0.9459459459	0.7291666667
744	0.8294117647	0.3085372486	0.909375	0.9527027027	0.734375
745	0.8294117647	0.3085271255	0.909375	0.9527027027	0.734375
746	0.8294117647	0.3083170068	0.909375	0.9527027027	0.734375
747	0.8294117647	0.3082719661	0.909375	0.9527027027	0.734375
748	0.8269794721	0.3080601802	0.9078125	0.9463087248	0.734375
749	0.8269794721	0.3078700454	0.9078125	0.9463087248	0.734375
750	0.8269794721	0.3078164698	0.9078125	0.9463087248	0.734375
751	0.8304093567	0.3075656029	0.909375	0.9466666667	0.7395833333
752	0.8328445748	0.3072414852	0.9109375	0.9530201342	0.7395833333
753	0.8328445748	0.3070597132	0.9109375	0.9530201342	0.7395833333
754	0.8294117647	0.3067986998	0.909375	0.9527027027	0.734375
755	0.8294117647	0.3066618731	0.909375	0.9527027027	0.734375
756	0.8294117647	0.3065609058	0.909375	0.9527027027	0.734375
757	0.8328445748	0.3063479925	0.9109375	0.9530201342	0.7395833333
758	0.8328445748	0.3062447389	0.9109375	0.9530201342	0.7395833333
759	0.8328445748	0.3060622286	0.9109375	0.9530201342	0.7395833333
760	0.8328445748	0.3059040955	0.9109375	0.9530201342	0.7395833333
761	0.8328445748	0.3056195083	0.9109375	0.9530201342	0.7395833333
762	0.8362573099	0.3055447694	0.9125	0.9533333333	0.7447916667
763	0.8362573099	0.3054954852	0.9125	0.9533333333	0.7447916667
764	0.8362573099	0.3053382399	0.9125	0.9533333333	0.7447916667
765	0.8362573099	0.3049422428	0.9125	0.9533333333	0.7447916667
766	0.8362573099	0.304696387	0.9125	0.9533333333	0.7447916667
767	0.8362573099	0.3045353934	0.9125	0.9533333333	0.7447916667
768	0.8362573099	0.304235777	0.9125	0.9533333333	0.7447916667
769	0.8362573099	0.3040365131	0.9125	0.9533333333	0.7447916667
770	0.8362573099	0.3039122542	0.9125	0.9533333333	0.7447916667
771	0.8362573099	0.3036584002	0.9125	0.9533333333	0.7447916667
772	0.8362573099	0.303465949	0.9125	0.9533333333	0.7447916667
773	0.8362573099	0.3033794391	0.9125	0.9533333333	0.7447916667
774	0.8362573099	0.30328512	0.9125	0.9533333333	0.7447916667
775	0.8362573099	0.3032375197	0.9125	0.9533333333	0.7447916667
776	0.8362573099	0.3030827599	0.9125	0.9533333333	0.7447916667
777	0.8362573099	0.3028858577	0.9125	0.9533333333	0.7447916667
778	0.8362573099	0.3025936925	0.9125	0.9533333333	0.7447916667
779	0.8362573099	0.3023543607	0.9125	0.9533333333	0.7447916667
780	0.8362573099	0.3022378826	0.9125	0.9533333333	0.7447916667
781	0.8362573099	0.3020927079	0.9125	0.9533333333	0.7447916667
782	0.8362573099	0.3019895187	0.9125	0.9533333333	0.7447916667
783	0.8362573099	0.3018806272	0.9125	0.9533333333	0.7447916667
784	0.8362573099	0.3018004729	0.9125	0.9533333333	0.7447916667
785	0.8362573099	0.3017308899	0.9125	0.9533333333	0.7447916667
786	0.8362573099	0.3014790773	0.9125	0.9533333333	0.7447916667
787	0.8362573099	0.301384307	0.9125	0.9533333333	0.7447916667
788	0.8362573099	0.3012686122	0.9125	0.9533333333	0.7447916667
789	0.8362573099	0.301116347	0.9125	0.9533333333	0.7447916667
790	0.8362573099	0.3010455476	0.9125	0.9533333333	0.7447916667
791	0.8362573099	0.3009226975	0.9125	0.9533333333	0.7447916667
792	0.8362573099	0.300486072	0.9125	0.9533333333	0.7447916667
793	0.8362573099	0.3004354232	0.9125	0.9533333333	0.7447916667
794	0.8362573099	0.3003112719	0.9125	0.9533333333	0.7447916667
795	0.8362573099	0.2998677078	0.9125	0.9533333333	0.7447916667
796	0.8362573099	0.2997582005	0.9125	0.9533333333	0.7447916667
797	0.8362573099	0.299435081	0.9125	0.9533333333	0.7447916667
798	0.8362573099	0.2993990304	0.9125	0.9533333333	0.7447916667
799	0.8362573099	0.2991890838	0.9125	0.9533333333	0.7447916667
800	0.8362573099	0.2990351617	0.9125	0.9533333333	0.7447916667
801	0.8362573099	0.2988829364	0.9125	0.9533333333	0.7447916667
802	0.8362573099	0.2986197674	0.9125	0.9533333333	0.7447916667
803	0.8362573099	0.2985612752	0.9125	0.9533333333	0.7447916667
804	0.8362573099	0.2984921371	0.9125	0.9533333333	0.7447916667
805	0.8362573099	0.2983880566	0.9125	0.9533333333	0.7447916667
806	0.8362573099	0.298094923	0.9125	0.9533333333	0.7447916667
807	0.8362573099	0.2978886853	0.9125	0.9533333333	0.7447916667
808	0.8362573099	0.297888104	0.9125	0.9533333333	0.7447916667
809	0.8362573099	0.2976036447	0.9125	0.9533333333	0.7447916667
810	0.8362573099	0.297418439	0.9125	0.9533333333	0.7447916667
811	0.8362573099	0.2972622039	0.9125	0.9533333333	0.7447916667
812	0.8362573099	0.2970553312	0.9125	0.9533333333	0.7447916667
813	0.8362573099	0.2970547755	0.9125	0.9533333333	0.7447916667
814	0.8362573099	0.2969430432	0.9125	0.9533333333	0.7447916667
815	0.8362573099	0.2967056315	0.9125	0.9533333333	0.7447916667
816	0.8362573099	0.2964836819	0.9125	0.9533333333	0.7447916667
817	0.8362573099	0.2964131574	0.9125	0.9533333333	0.7447916667
818	0.8396501458	0.296155501	0.9140625	0.9536423841	0.75
819	0.8396501458	0.2960514957	0.9140625	0.9536423841	0.75
820	0.8396501458	0.2958115827	0.9140625	0.9536423841	0.75
821	0.8396501458	0.2955048713	0.9140625	0.9536423841	0.75
822	0.8396501458	0.2952755269	0.9140625	0.9536423841	0.75
823	0.8396501458	0.2950318777	0.9140625	0.9536423841	0.75
824	0.8396501458	0.2948196868	0.9140625	0.9536423841	0.75
825	0.8396501458	0.2947398594	0.9140625	0.9536423841	0.75
826	0.8396501458	0.2945583251	0.9140625	0.9536423841	0.75
827	0.8396501458	0.2944520286	0.9140625	0.9536423841	0.75
828	0.8396501458	0.294214122	0.9140625	0.9536423841	0.75
829	0.8396501458	0.2939346538	0.9140625	0.9536423841	0.75
830	0.8396501458	0.2938405833	0.9140625	0.9536423841	0.75
831	0.8396501458	0.2937672294	0.9140625	0.9536423841	0.75
832	0.8396501458	0.2934659856	0.9140625	0.9536423841	0.75
833	0.8396501458	0.2930734601	0.9140625	0.9536423841	0.75
834	0.8396501458	0.2929879746	0.9140625	0.9536423841	0.75
835	0.8396501458	0.2928514131	0.9140625	0.9536423841	0.75
836	0.8396501458	0.2926980445	0.9140625	0.9536423841	0.75
837	0.8396501458	0.2924868178	0.9140625	0.9536423841	0.75
838	0.8396501458	0.2922638099	0.9140625	0.9536423841	0.75
839	0.8430232558	0.2920610754	0.915625	0.9539473684	0.7552083333
840	0.8430232558	0.2917253909	0.915625	0.9539473684	0.7552083333
841	0.8430232558	0.2915615617	0.915625	0.9539473684	0.7552083333
842	0.8430232558	0.2911878886	0.915625	0.9539473684	0.7552083333
843	0.8463768116	0.2908726647	0.9171875	0.954248366	0.7604166667
844	0.8463768116	0.2905454284	0.9171875	0.954248366	0.7604166667
845	0.8463768116	0.2902946431	0.9171875	0.954248366	0.7604166667
846	0.8463768116	0.2899406467	0.9171875	0.954248366	0.7604166667
847	0.8463768116	0.2896876981	0.9171875	0.954248366	0.7604166667
848	0.8463768116	0.289678953	0.9171875	0.954248366	0.7604166667
849	0.8463768116	0.2893060126	0.9171875	0.954248366	0.7604166667
850	0.8463768116	0.2891847767	0.9171875	0.954248366	0.7604166667
851	0.8463768116	0.2890359779	0.9171875	0.954248366	0.7604166667
852	0.8463768116	0.2889436937	0.9171875	0.954248366	0.7604166667
853	0.8463768116	0.2888535926	0.9171875	0.954248366	0.7604166667
854	0.8463768116	0.2887290138	0.9171875	0.954248366	0.7604166667
855	0.8463768116	0.2885827847	0.9171875	0.954248366	0.7604166667
856	0.8497109827	0.2882953668	0.91875	0.9545454545	0.765625
857	0.8497109827	0.2880417942	0.91875	0.9545454545	0.765625
858	0.8497109827	0.2878301011	0.91875	0.9545454545	0.765625
859	0.8497109827	0.2877033147	0.91875	0.9545454545	0.765625
860	0.8497109827	0.2875018695	0.91875	0.9545454545	0.765625
861	0.8497109827	0.2872505364	0.91875	0.9545454545	0.765625
862	0.8497109827	0.2871677526	0.91875	0.9545454545	0.765625
863	0.8497109827	0.2868853169	0.91875	0.9545454545	0.765625
864	0.8497109827	0.2867720556	0.91875	0.9545454545	0.765625
865	0.8497109827	0.2865627391	0.91875	0.9545454545	0.765625
866	0.8497109827	0.2864998645	0.91875	0.9545454545	0.765625
867	0.8497109827	0.2862512769	0.91875	0.9545454545	0.765625
868	0.8497109827	0.2860151371	0.91875	0.9545454545	0.765625
869	0.8497109827	0.2859088638	0.91875	0.9545454545	0.765625
870	0.8497109827	0.2856608125	0.91875	0.9545454545	0.765625
871	0.8497109827	0.2854173686	0.91875	0.9545454545	0.765625
872	0.8497109827	0.2853251778	0.91875	0.9545454545	0.765625
873	0.8497109827	0.2852368481	0.91875	0.9545454545	0.765625
874	0.8497109827	0.2847740243	0.91875	0.9545454545	0.765625
875	0.8497109827	0.2846457582	0.91875	0.9545454545	0.765625
876	0.8497109827	0.2844103041	0.91875	0.9545454545	0.765625
877	0.8497109827	0.2841714756	0.91875	0.9545454545	0.765625
878	0.8497109827	0.2840734542	0.91875	0.9545454545	0.765625
879	0.8497109827	0.2837912756	0.91875	0.9545454545	0.765625
880	0.8497109827	0.2835853951	0.91875	0.9545454545	0.765625
881	0.8497109827	0.2833733548	0.91875	0.9545454545	0.765625
882	0.8497109827	0.2832422053	0.91875	0.9545454545	0.765625
883	0.8497109827	0.2830713263	0.91875	0.9545454545	0.765625
884	0.8497109827	0.2830032361	0.91875	0.9545454545	0.765625
885	0.8497109827	0.2827964052	0.91875	0.9545454545	0.765625
886	0.8497109827	0.2824957251	0.91875	0.9545454545	0.765625
887	0.8497109827	0.2822018629	0.91875	0.9545454545	0.765625
888	0.8497109827	0.2820518096	0.91875	0.9545454545	0.765625
889	0.8497109827	0.2818177653	0.91875	0.9545454545	0.765625
890	0.8497109827	0.2817253129	0.91875	0.9545454545	0.765625
891	0.8497109827	0.2815058954	0.91875	0.9545454545	0.765625
892	0.8497109827	0.2812914566	0.91875	0.9545454545	0.765625
893	0.8497109827	0.2812154712	0.91875	0.9545454545	0.765625
894	0.8497109827	0.2811431541	0.91875	0.9545454545	0.765625
895	0.8497109827	0.2809120713	0.91875	0.9545454545	0.765625
896	0.8497109827	0.280788212	0.91875	0.9545454545	0.765625
897	0.8497109827	0.2806094349	0.91875	0.9545454545	0.765625
898	0.8530259366	0.2804233429	0.9203125	0.9548387097	0.7708333333
899	0.8530259366	0.2802735645	0.9203125	0.9548387097	0.7708333333
900	0.8530259366	0.2801753173	0.9203125	0.9548387097	0.7708333333
901	0.8530259366	0.2800286883	0.9203125	0.9548387097	0.7708333333
902	0.8530259366	0.2798836582	0.9203125	0.9548387097	0.7708333333
903	0.8530259366	0.2796527145	0.9203125	0.9548387097	0.7708333333
904	0.8530259366	0.279445348	0.9203125	0.9548387097	0.7708333333
905	0.8530259366	0.279365894	0.9203125	0.9548387097	0.7708333333
906	0.8497109827	0.2792186096	0.91875	0.9545454545	0.765625
907	0.8497109827	0.2789601492	0.91875	0.9545454545	0.765625
908	0.8497109827	0.2787256169	0.91875	0.9545454545	0.765625
909	0.8530259366	0.2786153724	0.9203125	0.9548387097	0.7708333333
910	0.8530259366	0.2783798965	0.9203125	0.9548387097	0.7708333333
911	0.8530259366	0.2781170623	0.9203125	0.9548387097	0.7708333333
912	0.8497109827	0.2779991022	0.91875	0.9545454545	0.765625
913	0.8530259366	0.2778391114	0.9203125	0.9548387097	0.7708333333
914	0.8497109827	0.2776660355	0.91875	0.9545454545	0.765625
915	0.8530259366	0.2775396296	0.9203125	0.9548387097	0.7708333333
916	0.8530259366	0.2773331005	0.9203125	0.9548387097	0.7708333333
917	0.8530259366	0.277040395	0.9203125	0.9548387097	0.7708333333
918	0.8530259366	0.2768348866	0.9203125	0.9548387097	0.7708333333
919	0.8530259366	0.2765729683	0.9203125	0.9548387097	0.7708333333
920	0.8530259366	0.2764455069	0.9203125	0.9548387097	0.7708333333
921	0.8530259366	0.2762986608	0.9203125	0.9548387097	0.7708333333
922	0.8530259366	0.2762285924	0.9203125	0.9548387097	0.7708333333
923	0.8530259366	0.2760923399	0.9203125	0.9548387097	0.7708333333
924	0.8530259366	0.2758189665	0.9203125	0.9548387097	0.7708333333
925	0.8497109827	0.2757399792	0.91875	0.9545454545	0.765625
926	0.8497109827	0.275626734	0.91875	0.9545454545	0.765625
927	0.852173913	0.2753595426	0.9203125	0.9607843137	0.765625
928	0.852173913	0.2748965154	0.9203125	0.9607843137	0.765625
929	0.852173913	0.2747884426	0.9203125	0.9607843137	0.765625
930	0.852173913	0.2746889489	0.9203125	0.9607843137	0.765625
931	0.852173913	0.2744438945	0.9203125	0.9607843137	0.765625
932	0.852173913	0.2744075641	0.9203125	0.9607843137	0.765625
933	0.852173913	0.2742536853	0.9203125	0.9607843137	0.765625
934	0.8497109827	0.2741091289	0.91875	0.9545454545	0.765625
935	0.8497109827	0.2738046343	0.91875	0.9545454545	0.765625
936	0.8497109827	0.2736503667	0.91875	0.9545454545	0.765625
937	0.852173913	0.2733098062	0.9203125	0.9607843137	0.765625
938	0.852173913	0.2732226288	0.9203125	0.9607843137	0.765625
939	0.8497109827	0.2729431683	0.91875	0.9545454545	0.765625
940	0.8497109827	0.2727773064	0.91875	0.9545454545	0.765625
941	0.8497109827	0.2723381688	0.91875	0.9545454545	0.765625
942	0.8497109827	0.2721028958	0.91875	0.9545454545	0.765625
943	0.8497109827	0.2718603745	0.91875	0.9545454545	0.765625
944	0.8497109827	0.271705071	0.91875	0.9545454545	0.765625
945	0.8497109827	0.2714887875	0.91875	0.9545454545	0.765625
946	0.8554913295	0.2711598963	0.921875	0.961038961	0.7708333333
947	0.8554913295	0.2710119172	0.921875	0.961038961	0.7708333333
948	0.8554913295	0.2709495861	0.921875	0.961038961	0.7708333333
949	0.8554913295	0.2707702591	0.921875	0.961038961	0.7708333333
950	0.8554913295	0.2706152804	0.921875	0.961038961	0.7708333333
951	0.8554913295	0.2705133904	0.921875	0.961038961	0.7708333333
952	0.8554913295	0.2699494983	0.921875	0.961038961	0.7708333333
953	0.8554913295	0.2698676949	0.921875	0.961038961	0.7708333333
954	0.8587896254	0.2696204084	0.9234375	0.9612903226	0.7760416667
955	0.8587896254	0.2694996256	0.9234375	0.9612903226	0.7760416667
956	0.8587896254	0.269463718	0.9234375	0.9612903226	0.7760416667
957	0.8587896254	0.2693697219	0.9234375	0.9612903226	0.7760416667
958	0.8587896254	0.2692482384	0.9234375	0.9612903226	0.7760416667
959	0.8587896254	0.2691136974	0.9234375	0.9612903226	0.7760416667
960	0.8587896254	0.268997405	0.9234375	0.9612903226	0.7760416667
961	0.8620689655	0.2688571831	0.925	0.9615384615	0.78125
962	0.8645533141	0.2686894578	0.9265625	0.9677419355	0.78125
963	0.8645533141	0.2685025624	0.9265625	0.9677419355	0.78125
964	0.8645533141	0.2683796287	0.9265625	0.9677419355	0.78125
965	0.8645533141	0.2681438816	0.9265625	0.9677419355	0.78125
966	0.8645533141	0.2678773705	0.9265625	0.9677419355	0.78125
967	0.8645533141	0.2677852664	0.9265625	0.9677419355	0.78125
968	0.8645533141	0.2677486191	0.9265625	0.9677419355	0.78125
969	0.8620689655	0.267397869	0.925	0.9615384615	0.78125
970	0.8620689655	0.267295622	0.925	0.9615384615	0.78125
971	0.8620689655	0.2669976157	0.925	0.9615384615	0.78125
972	0.8620689655	0.2668817058	0.925	0.9615384615	0.78125
973	0.8620689655	0.2667551975	0.925	0.9615384615	0.78125
974	0.8620689655	0.2666136892	0.925	0.9615384615	0.78125
975	0.8653295129	0.2663901779	0.9265625	0.9617834395	0.7864583333
976	0.8653295129	0.2662748649	0.9265625	0.9617834395	0.7864583333
977	0.8653295129	0.2660969639	0.9265625	0.9617834395	0.7864583333
978	0.8653295129	0.265924906	0.9265625	0.9617834395	0.7864583333
979	0.8653295129	0.2658471799	0.9265625	0.9617834395	0.7864583333
980	0.8653295129	0.265719216	0.9265625	0.9617834395	0.7864583333
981	0.8653295129	0.2656132574	0.9265625	0.9617834395	0.7864583333
982	0.867816092	0.2654248478	0.928125	0.9679487179	0.7864583333
983	0.867816092	0.2653018989	0.928125	0.9679487179	0.7864583333
984	0.867816092	0.2651824151	0.928125	0.9679487179	0.7864583333
985	0.867816092	0.2649967789	0.928125	0.9679487179	0.7864583333
986	0.867816092	0.2648337841	0.928125	0.9679487179	0.7864583333
987	0.867816092	0.2645945938	0.928125	0.9679487179	0.7864583333
988	0.867816092	0.2643724271	0.928125	0.9679487179	0.7864583333
989	0.867816092	0.2641730625	0.928125	0.9679487179	0.7864583333
990	0.867816092	0.2640132134	0.928125	0.9679487179	0.7864583333
991	0.867816092	0.2638299714	0.928125	0.9679487179	0.7864583333
992	0.867816092	0.263652833	0.928125	0.9679487179	0.7864583333
993	0.867816092	0.263472933	0.928125	0.9679487179	0.7864583333
994	0.867816092	0.2633854547	0.928125	0.9679487179	0.7864583333
995	0.867816092	0.2632291005	0.928125	0.9679487179	0.7864583333
996	0.867816092	0.2631253741	0.928125	0.9679487179	0.7864583333
997	0.867816092	0.2630629471	0.928125	0.9679487179	0.7864583333
998	0.867816092	0.2626627953	0.928125	0.9679487179	0.7864583333
999	0.867816092	0.2625956055	0.928125	0.9679487179	0.7864583333
